Número de clusters 	 ARI
2	0.4724369158171074
3	0.38561229182675666
4	0.4719677721033785
5	0.35372488046725553
