Número de clusters 	 ARI
2	0.9176010241226736
3	0.4413747232063833
4	0.35163087119712155
5	0.2733377636129382
