Número de clusters 	 ARI
2	0.0004012187259532006
3	0.0003571743500718875
4	0.0002851334860523018
5	0.00025312487630988135
