Número de clusters 	 ARI
2	0.021866578849080914
3	0.018658386732606533
4	0.015400428941907185
5	0.015270794360285363
