Número de clusters 	 ARI
2	0.03332494247011055
3	0.039688345384296705
4	0.028148519946582826
5	0.03279059658232706
