Número de clusters 	 ARI
2	1.0
3	0.9980020040280883
4	0.9959999880000001
5	0.9940059881082656
