Número de clusters 	 ARI
5	0.599579453289276
6	0.7644875353217025
7	0.8709458805305451
8	0.8346105313927311
9	0.8278187488048637
10	0.822889872032715
11	0.8223388791191453
12	0.8184280200823885
